id,name,brand,price_vnd,tier,concentration,volume_ml,gender,family_primary,family_secondary,top_notes,heart_notes,base_notes,descriptors,use_cases,style_tags,popularity_score,size_variant_of
ysl-libre-edp,Libre EDP,YSL,3380000,2,EDP,50,feminine,floral,aromatic,bergamot|blackcurrant,lavender|orange blossom,ambergris|vanilla|cedarwood,floral|woody|musky,evening|special occasion|office,bold|free-spirited|confident,0.91,
ysl-libre-intense-edp,Libre Intense EDP,YSL,3380000,2,EDP,50,feminine,floral,woody,mandarin|lavender,orange blossom|lavender absolute,vanilla|cedarwood|amber,floral|woody|sweet,evening|special occasion,bold|confident|sensual,0.89,
ysl-myslf-edp,MYSLF EDP,YSL,2860000,2,EDP,50,masculine,aromatic,woody,bergamot|orange,cardamom|lavender,amberwood|cedarwood,woody|citrus|spicy,daily casual|office,modern|easy-going|effortless,0.84,
ysl-black-opium-edp,Black Opium EDP,YSL,3380000,2,EDP,50,feminine,gourmand,floral,pink pepper|orange blossom|pear,coffee|jasmine,vanilla|patchouli|cedarwood,gourmand|sweet|floral,evening|special occasion,edgy|bold|sensual,0.94,
ysl-la-nuit-de-lhomme-edt,La Nuit de l'Homme EDT,YSL,2860000,2,EDT,50,masculine,aromatic,woody,cardamom|bergamot,lavender|cedarwood|vetiver,tonka bean|carrot seed,woody|spicy|musky,evening|special occasion,mysterious|elegant|sensual,0.92,
dior-miss-dior-edt,Miss Dior EDT,Dior,3120000,2,EDT,50,feminine,floral,citrus,bergamot|pink pepper,damascus rose|lily of the valley,musk|patchouli|sandalwood,floral|fresh|citrus,daily casual|office,effortless|romantic|modern,0.88,
dior-sauvage-edt,Sauvage EDT,Dior,3380000,2,EDT,50,masculine,aromatic,woody,bergamot|pepper,sichuan pepper|lavender|pink pepper,ambroxan|cedarwood|labdanum,woody|fresh|spicy,daily casual|office,bold|effortless|confident,0.96,
dior-homme-intense-edp,Dior Homme Intense EDP,Dior,3380000,2,EDP,50,masculine,floral,woody,bergamot|lavender,iris|ambrette,cedarwood|vetiver|patchouli,floral|woody|powdery,evening|special occasion,elegant|mysterious|sophisticated,0.88,
dior-poison-girl-edp,Poison Girl EDP,Dior,3120000,2,EDP,50,feminine,floral,gourmand,bitter orange|pink pepper,rose|damascus rose,vanilla|benzyl benzoate|sandalwood,floral|sweet|spicy,evening|special occasion,bold|playful|sensual,0.85,
dior-fahrenheit-edt,Fahrenheit EDT,Dior,3120000,2,EDT,50,masculine,woody,leather,violet leaf|lavender|bergamot,honey|lily|caraway,leather|vetiver|amber,woody|leather|smoky,evening|special occasion,mysterious|vintage|bold,0.87,
gucci-flora-gorgeous-gardenia-edp,Flora Gorgeous Gardenia EDP,Gucci,3380000,2,EDP,50,feminine,floral,,red berries|pear,gardenia|frangipani,patchouli|brown sugar,floral|sweet|musky,daily casual|special occasion,playful|warm|romantic,0.87,
gucci-flora-gorgeous-jasmine-edp,Flora Gorgeous Jasmine EDP,Gucci,3380000,2,EDP,50,feminine,floral,,pear|bergamot,jasmine|frangipani|tuberose,sandalwood|musk|white amber,floral|musky|sweet,special occasion|evening,romantic|glamorous|warm,0.85,
gucci-bloom-edp,Bloom EDP,Gucci,3380000,2,EDP,50,feminine,floral,,white florals,jasmine|tuberose|rangoon creeper,mushroom|sandalwood|white musk,floral|musky|soft,daily casual|special occasion|office,romantic|soft|elegant,0.91,
gucci-guilty-pour-femme-edp,Guilty Pour Femme EDP,Gucci,3250000,2,EDP,50,feminine,floral,musky,mandarin|pink pepper,geranium|lilac,amber|patchouli,floral|musky|spicy,evening|special occasion,bold|sensual|modern,0.86,
gucci-guilty-absolute-pour-homme,Guilty Absolute EDP,Gucci,2990000,2,EDP,50,masculine,woody,leather,black pepper|olibanum,cypress|cedarwood,leather|patchouli,leather|woody|smoky,evening|special occasion,edgy|bold|confident,0.82,
chanel-allure-homme-sport-edt,Allure Homme Sport EDT,Chanel,3380000,2,EDT,50,masculine,aromatic,citrus,bergamot|orange|aldehydes,vetiver|cedarwood|white pepper,tonka bean|musk|sandalwood,fresh|citrus|woody,office|daily casual|outdoor / sporty,cool|effortless|confident,0.89,
valentino-donna-born-in-roma-edp,Donna Born in Roma EDP,Valentino,3380000,2,EDP,50,feminine,floral,gourmand,blackcurrant|bergamot,jasmine|rose,vanilla|sandalwood|vetiver,floral|sweet|woody,special occasion|evening,romantic|glamorous|modern,0.87,
valentino-uomo-born-in-roma-edp,Uomo Born in Roma EDP,Valentino,3120000,2,EDP,50,masculine,aromatic,woody,bergamot|ginger,lavender|vanilla,vetiver|guaiac wood,woody|spicy|musky,office|daily casual,confident|warm|modern,0.83,
mugler-alien-goddess-edp,Alien Goddess EDP,Mugler,3120000,2,EDP,50,feminine,floral,gourmand,bergamot|lemon,jasmine|cashmeran,tonka bean|sandalwood|vanilla,floral|sweet|woody,special occasion|evening,bold|mysterious|modern,0.88,
mugler-angel-edp,Angel EDP,Mugler,2860000,2,EDP,50,feminine,gourmand,,helional|melon,red berries|rose|jasmine,patchouli|caramel|vanilla|coumarin,gourmand|sweet|musky,evening|special occasion,bold|playful|sensual,0.89,
mugler-alien-edp,Alien EDP,Mugler,3120000,2,EDP,50,feminine,floral,woody,solar accord,jasmine sambac|cashmeran,white amber|sandalwood,floral|woody|musky,special occasion|evening,mysterious|bold|enigmatic,0.87,
ch-good-girl-edp,Good Girl EDP,Carolina Herrera,2990000,2,EDP,50,feminine,floral,gourmand,coffee|almond,jasmine|tuberose,tonka bean|cacao|sandalwood,floral|sweet|gourmand,evening|special occasion,sensual|bold|glamorous,0.91,
ch-bad-boy-edp,Bad Boy EDP,Carolina Herrera,2860000,2,EDP,50,masculine,woody,aromatic,bergamot|green sage,cedarwood|violet leaf,cacao|labdanum|sandalwood,woody|smoky|fresh,evening|daily casual,edgy|bold|cool,0.87,
ch-good-girl-blush-edt,Good Girl Blush EDT,Carolina Herrera,2600000,2,EDT,50,feminine,floral,musky,lemon|bergamot,jasmine|rose,musk|sandalwood,floral|fresh|musky,daily casual|special occasion,romantic|soft|modern,0.84,
armani-acqua-di-gio-edt,Acqua di Giò EDT,Giorgio Armani,2340000,2,EDT,50,masculine,aquatic,aromatic,bergamot|neroli|green tangerine,jasmine|rosemary|persimmon,cedarwood|patchouli|labdanum,aquatic|fresh|woody,daily casual|outdoor / sporty|office,effortless|cool|easy-going,0.94,
armani-acqua-di-gio-parfum,Acqua di Giò Parfum,Giorgio Armani,3250000,2,Parfum,50,masculine,aromatic,aquatic,bergamot|marine notes,rosemary|cypress|labdanum,patchouli|incense|vetiver,aquatic|woody|spicy,office|daily casual|special occasion,effortless|sophisticated|cool,0.93,
armani-si-edp,Sì EDP,Giorgio Armani,2990000,2,EDP,50,feminine,floral,musky,blackcurrant|bergamot,rose|freesia,musk|ambroxan|vanilla,floral|musky|sweet,office|daily casual|special occasion,elegant|confident|modern,0.9,
vr-flowerbomb-edp,Flowerbomb EDP,Viktor & Rolf,3120000,2,EDP,50,feminine,floral,gourmand,tea|bergamot|osmanthus,jasmine|rose|freesia|orchid,patchouli|musk|vanilla,floral|sweet|musky,special occasion|evening,romantic|glamorous|warm,0.93,
vr-spicebomb-extreme-edp,Spicebomb Extreme EDP,Viktor & Rolf,2860000,2,EDP,50,masculine,woody,spicy,black pepper|cinnamon,tobacco|oud,vanilla|leather|labdanum,spicy|woody|tobacco,evening|special occasion,bold|enigmatic|sensual,0.87,
jpg-scandal-edp,Scandal EDP,Jean Paul Gaultier,2860000,2,EDP,50,feminine,floral,gourmand,blood orange|gardenia,jasmine|honey,patchouli|caramel|amber,floral|sweet|musky,evening|special occasion,bold|sensual|glamorous,0.91,
jpg-so-scandal-edp,So Scandal EDP,Jean Paul Gaultier,3120000,2,EDP,50,feminine,floral,musky,mandarin|blackcurrant,tuberose|rose,honey|patchouli|musk,floral|musky|sweet,evening|special occasion,bold|sensual|glamorous,0.88,
dg-the-one-edp-man,The One EDP (Men),Dolce & Gabbana,2990000,2,EDP,50,masculine,woody,aromatic,grapefruit|coriander|basil,cardamom|orange blossom|ginger,amber|patchouli|musk,woody|spicy|musky,evening|special occasion,mysterious|warm|sophisticated,0.91,
dg-devotion-edp,Devotion EDP,Dolce & Gabbana,2990000,2,EDP,50,feminine,floral,gourmand,orange|bergamot,jasmine sambac|neroli,sandalwood|musk|orange blossom,floral|sweet|citrus,special occasion|daily casual,warm|romantic|elegant,0.87,
givenchy-linterdit-edp,L'Interdit EDP,Givenchy,3120000,2,EDP,50,feminine,floral,woody,bergamot|pear|orange,tuberose|jasmine,vetiver|patchouli|sandalwood,floral|woody|smoky,evening|special occasion,bold|mysterious|elegant,0.87,
givenchy-gentleman-society-edp,Gentleman Society EDP,Givenchy,2860000,2,EDP,50,masculine,aromatic,woody,bergamot|black pepper,iris|lavender|vetiver,tonka bean|amber,woody|spicy|iris,office|evening,elegant|sophisticated|confident,0.82,
bvlgari-man-in-black-edp,Man In Black EDP,Bvlgari,2730000,2,EDP,50,masculine,woody,spicy,tobacco|rum|black pepper,tuberose|iris,amber|sandalwood|leather,woody|spicy|tobacco,evening|special occasion,bold|enigmatic|sensual,0.87,
dg-light-blue-edt-woman,Light Blue EDT (Women),Dolce & Gabbana,2340000,2,EDT,50,feminine,citrus,floral,lemon|apple|cedarwood,jasmine|rose|bamboo,cedarwood|amber|musk,citrus|fresh|floral,daily casual|outdoor / sporty|travel,effortless|easy-going|modern,0.93,
dg-light-blue-edt-man,Light Blue Pour Homme EDT,Dolce & Gabbana,2340000,2,EDT,50,masculine,citrus,aromatic,mandarin|juniper|grapefruit,rosemary|pepper|rosewood,cedarwood|musk|incense,citrus|fresh|woody,daily casual|outdoor / sporty,effortless|cool|easy-going,0.9,
nr-for-her-edp,For Her EDP,Narciso Rodriguez,2860000,2,EDP,50,feminine,musky,floral,rose|magnolia,rose|muguet,musk|sandalwood|amber,musky|floral|soft,daily casual|office|special occasion,soft|minimal|sensual,0.91,
lancome-la-vie-est-belle-edp,La Vie Est Belle EDP,Lancôme,2860000,2,EDP,50,feminine,floral,gourmand,blackcurrant|pear,iris|jasmine|orange blossom,praline|vanilla|patchouli|tonka bean,floral|sweet|powdery,special occasion|daily casual,romantic|warm|glamorous,0.93,
pr-1million-edp,1 Million EDP,Paco Rabanne,2860000,2,EDP,50,masculine,woody,spicy,grapefruit|blood orange|mint,cinnamon|rose|spices,leather|amber|patchouli,spicy|woody|sweet,evening|special occasion,bold|sensual|confident,0.92,
pr-olympea-edp,Olympéa EDP,Paco Rabanne,2600000,2,EDP,50,feminine,floral,musky,mandarin|ginger,jasmine|sandalwood,white musk|vanilla|amber,floral|musky|sweet,daily casual|special occasion,bold|modern|sensual,0.88,
chanel-chance-eau-tendre-edp,Chance Eau Tendre EDP,Chanel,3510000,3,EDP,50,feminine,floral,citrus,grapefruit|quince,hyacinth|jasmine,white musk|iris|amber,floral|fresh|musky,daily casual|office|special occasion,effortless|soft|romantic,0.92,
chanel-chance-eau-fraiche-edt,Chance Eau Fraîche EDT,Chanel,3510000,3,EDT,50,feminine,citrus,floral,citrus|water hyacinth,jasmine|teak wood,white musk|iris|cedarwood,fresh|citrus|floral,daily casual|office,effortless|easy-going|modern,0.88,
chanel-no5-edp,No.5 EDP,Chanel,3900000,3,EDP,50,feminine,floral,powdery,aldehydes|bergamot|lemon,jasmine|rose|iris,sandalwood|vetiver|vanilla,floral|powdery|musky,special occasion|evening,elegant|sophisticated|glamorous,0.97,
chanel-coco-mademoiselle-edp,Coco Mademoiselle EDP,Chanel,3900000,3,EDP,50,feminine,floral,woody,orange|bergamot,jasmine|rose|ylang-ylang,patchouli|vetiver|vanilla,floral|woody|musky,office|evening|special occasion,confident|elegant|modern,0.95,
chanel-bleu-de-chanel-edp,Bleu de Chanel EDP,Chanel,3900000,3,EDP,50,masculine,woody,aromatic,citrus|mint|pink pepper,ginger|labdanum,sandalwood|patchouli|cedarwood,woody|fresh|spicy,office|daily casual|evening,confident|sophisticated|cool,0.96,
chanel-bleu-de-chanel-edt,Bleu de Chanel EDT,Chanel,3640000,3,EDT,50,masculine,aromatic,citrus,citrus|mint,ginger|labdanum|jasmine,white musk|sandalwood|cedarwood,fresh|citrus|woody,office|daily casual,effortless|confident|cool,0.93,
chanel-coco-mademoiselle-edt,Coco Mademoiselle EDT,Chanel,3640000,3,EDT,50,feminine,floral,citrus,orange|bergamot,rose|jasmine,patchouli|vetiver|musk,floral|fresh|citrus,daily casual|office,effortless|modern|elegant,0.91,
chanel-gabrielle-edp,Gabrielle EDP,Chanel,3900000,3,EDP,50,feminine,floral,,grapefruit|blackcurrant|mandarin,jasmine|ylang-ylang|orange blossom|tuberose,sandalwood|musk,floral|fresh|musky,daily casual|special occasion,effortless|modern|elegant,0.89,
dior-miss-dior-edp,Miss Dior EDP,Dior,3640000,3,EDP,50,feminine,floral,musky,blood orange|rose,damascus rose|peony,white musk|sandalwood,floral|musky|fresh,daily casual|special occasion|office,romantic|soft|elegant,0.93,
dior-sauvage-edp,Sauvage EDP,Dior,3770000,3,EDP,50,masculine,aromatic,woody,bergamot|sichuan pepper,lavender|geranium,ambroxan|sandalwood|vanilla,woody|spicy|fresh,office|daily casual|evening,bold|confident|effortless,0.98,
dior-jadore-edp,J'adore EDP,Dior,3640000,3,EDP,50,feminine,floral,,pear|melon,damascus rose|jasmine|ylang-ylang,sandalwood|blackberry,floral|powdery|sweet,special occasion|evening,glamorous|elegant|feminine,0.91,
dior-miss-dior-blooming-edt,Miss Dior Blooming Bouquet EDT,Dior,3380000,2,EDT,50,feminine,floral,,pink pepper|mandarin,damascus rose|peony|freesia,white musk,floral|fresh|soft,daily casual|office,effortless|soft|playful,0.88,
dior-homme-parfum,Dior Homme Parfum,Dior,3900000,3,Parfum,50,masculine,woody,aromatic,bergamot|lavender,iris|vetiver,leather|sandalwood|amber,woody|leather|iris,special occasion|evening,elegant|sophisticated|enigmatic,0.87,
prada-paradoxe-edp,Paradoxe EDP,Prada,3900000,3,EDP,50,feminine,floral,musky,bergamot|neroli,jasmine sambac|orange blossom,sandalwood|musk|amber,floral|musky|fresh,daily casual|office|special occasion,modern|confident|effortless,0.89,
prada-paradoxe-intense-edp,Paradoxe Intense EDP,Prada,4160000,3,EDP,50,feminine,floral,musky,bergamot|neroli,jasmine|orange blossom,sandalwood|amber|musk,floral|musky|sweet,special occasion|evening,bold|confident|sensual,0.87,
prada-luna-rossa-ocean-edp,Luna Rossa Ocean EDP,Prada,3770000,3,EDP,50,masculine,aromatic,aquatic,bergamot|iris,sage|labdanum,ambroxan|sandalwood,aquatic|fresh|woody,daily casual|office|outdoor / sporty,cool|effortless|minimal,0.85,
hermes-twilly-edp,Twilly d'Hermès EDP,Hermès,3900000,3,EDP,50,feminine,floral,,ginger,tuberose|rose,sandalwood,floral|spicy|woody,daily casual|special occasion,playful|elegant|warm,0.86,
hermes-terre-dhermes-edp,Terre d'Hermès EDP,Hermès,4160000,3,EDP,50,masculine,woody,citrus,grapefruit|orange,pepper|pelargonium,vetiver|benzoin|flint,woody|citrus|fresh,office|daily casual,grounded|minimal|sophisticated,0.91,
hermes-terre-dhermes-edt,Terre d'Hermès EDT,Hermès,3900000,3,EDT,50,masculine,citrus,woody,grapefruit|orange|flint,pepper|geranium|heather,vetiver|benzoin|cedarwood,citrus|woody|fresh,daily casual|office,grounded|effortless|cool,0.89,
hermes-h24-edp,H24 EDP,Hermès,3900000,3,EDP,50,masculine,aromatic,green,sage|narcissus,clary sage|rosewood,cedarwood|vetiver,green|woody|fresh,office|daily casual,minimal|cool|effortless,0.83,
hermes-jour-dhermes-edt,Jour d'Hermès EDT,Hermès,3770000,3,EDT,50,feminine,floral,,citrus|green notes,white florals|gardenia|peony,white musk|sandalwood,floral|fresh|musky,daily casual|office,effortless|soft|elegant,0.84,
jm-wood-sage-sea-salt,Wood Sage & Sea Salt,Jo Malone,4160000,3,Cologne,50,unisex,aromatic,aquatic,sea salt|ambrette,sage,driftwood,aquatic|woody|green,daily casual|outdoor / sporty|travel,effortless|free-spirited|cool,0.91,
jm-peony-blush-suede,Peony & Blush Suede,Jo Malone,4160000,3,Cologne,50,feminine,floral,musky,red apple,peony|jasmine|rose,suede,floral|musky|soft,daily casual|office|special occasion,romantic|soft|elegant,0.93,
jm-lime-basil-mandarin,Lime Basil & Mandarin,Jo Malone,4160000,3,Cologne,50,unisex,citrus,aromatic,lime|mandarin,basil|white thyme,vetiver|patchouli,citrus|green|fresh,daily casual|office|outdoor / sporty,effortless|easy-going|minimal,0.89,
jm-english-pear-freesia,English Pear & Freesia,Jo Malone,4160000,3,Cologne,50,feminine,floral,fruity,william pear|galbanum,freesia|rose water,amber|patchouli|musk,floral|fresh|sweet,daily casual|special occasion,effortless|soft|romantic,0.91,
jm-blackberry-bay,Blackberry & Bay,Jo Malone,4160000,3,Cologne,50,unisex,fruity,woody,blackberry|blackcurrant,bay|bramble,vetiver|patchouli|cedarwood,fruity|woody|green,daily casual|outdoor / sporty,free-spirited|easy-going|warm,0.87,
jm-nectarine-blossom-honey,Nectarine Blossom & Honey,Jo Malone,4160000,3,Cologne,50,feminine,fruity,floral,nectarine|blackcurrant,peach blossom|acacia honey,guaiac wood|vetiver,fruity|floral|sweet,daily casual|special occasion,playful|warm|easy-going,0.88,
jm-rose-white-musk,Rose & White Musk,Jo Malone,4160000,3,Cologne,50,feminine,floral,musky,bergamot,rose|peony,white musk|oakmoss,floral|musky|clean,daily casual|office,soft|romantic|minimal,0.87,
jm-velvet-rose-oud,Velvet Rose & Oud,Jo Malone,4680000,3,Cologne Intense,50,unisex,floral,woody,rose,oud|velvet,woods|musk,floral|oud|musky,special occasion|evening,mysterious|bold|sensual,0.85,
jm-dark-amber-ginger-lily,Dark Amber & Ginger Lily,Jo Malone,4160000,3,Cologne Intense,50,unisex,floral,woody,cardamom|pepper,ginger lily|jasmine,amber|sandalwood,floral|spicy|woody,evening|special occasion,warm|mysterious|sensual,0.86,
jm-bronze-wood-leather,Bronze Wood & Leather,Jo Malone,4680000,3,Cologne Intense,50,masculine,woody,leather,pimento,vetiver|leather,amber|musk,woody|leather|musky,evening|special occasion,mysterious|cool|sophisticated,0.84,
mmr-beach-walk,Replica Beach Walk,Maison Margiela,4550000,3,EDT,50,unisex,citrus,musky,bergamot|lemon|pink pepper,coconut|iris,white musk|sandalwood|cedarwood,citrus|fresh|musky,daily casual|outdoor / sporty|travel,effortless|easy-going|free-spirited,0.9,
mmr-jazz-club,Replica Jazz Club,Maison Margiela,4550000,3,EDT,50,unisex,woody,aromatic,rum|pink pepper|lemon,tobacco leaf|clary sage,vanilla|vetiver|musk,tobacco|woody|sweet,evening|special occasion,sophisticated|enigmatic|warm,0.91,
mmr-by-the-fireplace,Replica By the Fireplace,Maison Margiela,4550000,3,EDT,50,unisex,woody,gourmand,clove|pink pepper|orange,chestnut|guaiac wood,vanilla|musk|peru balsam,smoky|woody|sweet,evening|home-body,cozy|warm|introspective,0.89,
mmr-flower-market,Replica Flower Market,Maison Margiela,4550000,3,EDT,50,unisex,floral,,peony|green notes,rose|lily of the valley|freesia,white musk|cedarwood,floral|fresh|green,daily casual|office,effortless|soft|free-spirited,0.87,
mmr-sailing-day,Replica Sailing Day,Maison Margiela,4550000,3,EDT,50,unisex,aquatic,woody,lemon|sea salt,cedarwood|iris,ambroxan|sandalwood,aquatic|fresh|woody,outdoor / sporty|travel|daily casual,free-spirited|effortless|cool,0.86,
mmr-under-lemon-tree,Replica Under the Lemon Tree,Maison Margiela,4550000,3,EDT,50,unisex,citrus,floral,lemon|bergamot,basil|orange blossom,white musk|cedarwood,citrus|floral|fresh,daily casual|travel,effortless|easy-going|playful,0.85,
mmr-whispers-library,Replica Whispers in the Library,Maison Margiela,4550000,3,EDT,50,unisex,woody,aromatic,vetiver|iris,leather|cedarwood,patchouli|vanilla|musk,woody|leather|musky,office|daily casual,intellectual|introspective|sophisticated,0.86,
mmr-coffee-break,Replica Coffee Break,Maison Margiela,4550000,3,EDT,50,unisex,gourmand,woody,bergamot|musk,coffee|pink pepper,sandalwood|patchouli|vanilla,gourmand|woody|musky,daily casual|home-body,cozy|warm|introspective,0.87,
mmr-afternoon-swim,Replica Afternoon Swim,Maison Margiela,4550000,3,EDT,50,unisex,aquatic,musky,citrus|marine notes,chlorine|musk,white musk,aquatic|clean|fresh,outdoor / sporty|daily casual,effortless|cool|easy-going,0.84,
mmr-on-a-date,Replica On A Date,Maison Margiela,4550000,3,EDT,50,feminine,floral,musky,raspberry|peach,rose|patchouli,sandalwood|musk|vanilla,floral|sweet|musky,special occasion|evening,romantic|playful|sensual,0.87,
mmr-at-the-barbers,Replica At the Barber's,Maison Margiela,4550000,3,EDT,50,masculine,aromatic,woody,bergamot|lavender|rosewood,leather|suede,vetiver|musk,woody|fresh|clean,office|daily casual,minimal|effortless|cool,0.85,
mmr-spring-day,Replica Spring Day,Maison Margiela,4550000,3,EDT,50,feminine,floral,musky,bergamot|green notes,white flowers|magnolia,white musk|cedarwood,floral|fresh|musky,daily casual|office,soft|effortless|romantic,0.85,
byredo-gypsy-water,Gypsy Water,Byredo,4810000,3,EDP,50,unisex,woody,citrus,bergamot|lemon|pepper,incense|pine needles|orris,sandalwood|vanilla|amber,woody|fresh|musky,daily casual|outdoor / sporty,effortless|minimal|free-spirited,0.91,
byredo-bal-dafrique,Bal d'Afrique,Byredo,4810000,3,EDP,50,unisex,floral,musky,bergamot|african marigold|violet,neroli|jasmine|cyclamen,vetiver|cedarwood|musk|amber,floral|musky|fresh,special occasion|evening|daily casual,free-spirited|warm|glamorous,0.88,
byredo-mojave-ghost,Mojave Ghost,Byredo,4810000,3,EDP,50,unisex,woody,musky,magnolia|sapodilla,violet|ambrette,sandalwood|cedarwood|musk,woody|musky|floral,daily casual|office,minimal|cool|sophisticated,0.89,
byredo-blanche,Blanche,Byredo,4810000,3,EDP,50,feminine,floral,musky,pink pepper|aldehydes,rose|peony,sandalwood|musk,floral|musky|clean,daily casual|office,minimal|soft|effortless,0.88,
byredo-la-tulipe,La Tulipe,Byredo,4810000,3,EDP,50,feminine,floral,,cyclamen|stem,tulip|jasmine|gardenia,sandalwood|musk,floral|fresh|green,daily casual|special occasion,effortless|soft|romantic,0.85,
byredo-rose-of-no-mans-land,Rose Of No Man's Land,Byredo,4810000,3,EDP,50,unisex,floral,,pink pepper|raspberry blossom,turkish rose|papyrus,white amber|musk,floral|spicy|musky,special occasion|daily casual,romantic|bold|modern,0.87,
byredo-super-cedar,Super Cedar,Byredo,4810000,3,EDP,50,unisex,woody,,rose water,cedarwood|rose,vetiver|musk,woody|floral|clean,office|daily casual,minimal|grounded|cool,0.84,
byredo-black-saffron,Black Saffron,Byredo,4810000,3,EDP,50,unisex,woody,floral,juniper berry|black violet,saffron|vetiver|raspberry,leather|sandalwood,woody|spicy|leather,evening|special occasion,mysterious|edgy|enigmatic,0.86,
byredo-bibliotheque,Bibliothèque,Byredo,4810000,3,EDP,50,unisex,woody,floral,peach|plum,iris|peony|leather,vanilla|sandalwood|musk,woody|floral|sweet,office|daily casual,intellectual|sophisticated|warm,0.87,
byredo-mixed-emotions,Mixed Emotions,Byredo,4810000,3,EDP,50,unisex,aromatic,musky,pink pepper|neroli|grapefruit,jasmine|orris|cedarwood,sandalwood|musk,fresh|floral|musky,daily casual|office,effortless|modern|cool,0.83,
byredo-pulp,Pulp,Byredo,4810000,3,EDP,50,unisex,fruity,floral,blackcurrant|bergamot|cardamom,fig|red apple|tiare flower,praline|peach blossom|cedarwood,fruity|sweet|floral,daily casual|special occasion,playful|free-spirited|warm,0.84,
byredo-slow-dance,Slow Dance,Byredo,4810000,3,EDP,50,unisex,woody,gourmand,opoponax|cognac,labdanum|violet|geranium,vanilla|patchouli|incense,woody|sweet|musky,evening|special occasion,warm|romantic|sensual,0.86,
byredo-velvet-haze,Velvet Haze,Byredo,4810000,3,EDP,50,unisex,woody,floral,coconut|hibiscus|bergamot,patchouli|tuberose|osmanthus,patchouli|musk|cacao pod|ambrette,woody|musky|sweet,evening|special occasion,sensual|mysterious|warm,0.83,
byredo-tobacco-mandarin,Tobacco Mandarin,Byredo,7540000,4,EDP,50,unisex,woody,spicy,cumin|mandarin|coriander,tobacco|leather|labdanum,olibanum|oud|sandalwood,tobacco|woody|spicy,evening|special occasion,bold|mysterious|enigmatic,0.85,
diptyque-eau-rose-edp,Eau Rose EDP,Diptyque,4550000,3,EDP,50,feminine,floral,,lychee|peppercorn,rose|geranium,white musk|cedarwood,floral|fresh|musky,daily casual|special occasion,romantic|effortless|soft,0.86,
diptyque-tam-dao-edp,Tam Dao EDP,Diptyque,4550000,3,EDP,50,unisex,woody,,rosewood|cypress|myrtle,sandalwood|cedarwood,musk|white pepper,woody|musky|fresh,office|daily casual,minimal|grounded|introspective,0.88,
diptyque-philosykos-edp,Philosykos EDP,Diptyque,4550000,3,EDP,50,unisex,green,woody,fig leaf|green fig,fig tree bark,cedarwood|fig wood,green|woody|fresh,daily casual|outdoor / sporty,free-spirited|effortless|grounded,0.87,
diptyque-lombre-dans-leau,L'Ombre dans l'Eau,Diptyque,4550000,3,EDP,50,feminine,floral,green,blackcurrant leaves|citrus,rose|blackcurrant,cedarwood|green notes,floral|green|fresh,daily casual|outdoor / sporty,effortless|free-spirited|romantic,0.85,
diptyque-do-son-edp,Do Son EDP,Diptyque,4550000,3,EDP,50,feminine,floral,,mandarin,tuberose|jasmine|rose|violet,white musk|cedarwood,floral|musky|powdery,daily casual|special occasion,romantic|elegant|nostalgic,0.87,
diptyque-eau-capitale,Eau Capitale,Diptyque,4550000,3,EDP,50,feminine,floral,,bergamot|blackcurrant,centifolia rose|damascus rose,white musk|ambrette,floral|musky|fresh,daily casual|special occasion,romantic|effortless|elegant,0.86,
diptyque-vetyverio-edt,Vetyverio EDT,Diptyque,4550000,3,EDT,50,unisex,woody,,vetiver|grapefruit,geranium|vetiver|ginger,vetiver|patchouli,woody|fresh|citrus,office|daily casual,grounded|cool|minimal,0.84,
diptyque-eau-duelle-edp,Eau Duelle EDP,Diptyque,4550000,3,EDP,50,unisex,woody,spicy,black pepper|pink pepper,vanilla|orris,benzoin|musk,woody|spicy|sweet,evening|daily casual,warm|mysterious|enigmatic,0.83,
diptyque-florabellio-edt,Florabellio EDT,Diptyque,4550000,3,EDT,50,feminine,floral,aquatic,apple|dill|cyclamen,freesia|peony,musk|cedarwood|amberwood,floral|fresh|aquatic,daily casual|office,effortless|soft|easy-going,0.82,
diptyque-eau-des-sens-edt,Eau des Sens EDT,Diptyque,4550000,3,EDT,50,unisex,floral,citrus,orange|juniper berry,patchouli|angelica,angelica|musk,citrus|floral|fresh,daily casual|outdoor / sporty,free-spirited|effortless|warm,0.83,
lelabo-santal-33,Santal 33,Le Labo,4810000,3,EDP,50,unisex,woody,,violet|cardamom,iris|ambrette|sandalwood,cedarwood|leather|musk,woody|musky|leather,daily casual|office,effortless|cool|minimal,0.96,
lelabo-another-13,Another 13,Le Labo,4810000,3,EDP,50,unisex,musky,,hyacinth|ambrette,jasmine|orris,ambergris|iso e super|musk,musky|floral|clean,daily casual|office,minimal|effortless|mysterious,0.9,
lelabo-rose-31,Rose 31,Le Labo,4810000,3,EDP,50,unisex,floral,woody,cumin|cedarwood,rose|geranium,musk|oud|amber,floral|woody|musky,special occasion|evening,bold|sophisticated|mysterious,0.86,
lelabo-the-noir-29,Thé Noir 29,Le Labo,4810000,3,EDP,50,unisex,woody,aromatic,smoked tea|fig|laurel,cedarwood|vetiver,sandalwood|amber,woody|smoky|green,office|daily casual,intellectual|cool|sophisticated,0.85,
lelabo-bergamote-22,Bergamote 22,Le Labo,4810000,3,EDP,50,unisex,citrus,musky,bergamot|grapefruit,petit grain|neroli,musk|amber|vetiver,citrus|fresh|musky,daily casual|office,effortless|minimal|cool,0.87,
lelabo-neroli-36,Neroli 36,Le Labo,4810000,3,EDP,50,unisex,citrus,floral,neroli|orange,jasmine|orange blossom,musk|amberwood,citrus|floral|fresh,daily casual|travel,effortless|warm|easy-going,0.85,
lelabo-lys-41,Lys 41,Le Labo,4810000,3,EDP,50,feminine,floral,,grapefruit|pink pepper,lily|iris|rose,musk|sandalwood|cedarwood,floral|fresh|musky,daily casual|special occasion,effortless|elegant|soft,0.83,
lelabo-iris-39,Iris 39,Le Labo,4810000,3,EDP,50,unisex,floral,woody,pink pepper,iris|cedarwood|vetiver,musk|sandalwood,floral|woody|iris,office|daily casual,elegant|sophisticated|minimal,0.84,
lelabo-patchouli-24,Patchouli 24,Le Labo,4810000,3,EDP,50,unisex,woody,aromatic,laurel|petitgrain,patchouli|vetiver,birch tar|vanilla|musk,woody|smoky|musky,evening|daily casual,edgy|grounded|enigmatic,0.84,
lelabo-vetiver-46,Vétiver 46,Le Labo,4810000,3,EDP,50,masculine,woody,,sage|grapefruit,vetiver|pepper,oakmoss|amber|musk,woody|fresh|citrus,office|daily casual,grounded|cool|minimal,0.83,
adp-colonia-edc,Colonia EDC,Acqua di Parma,4030000,3,EDC,50,masculine,citrus,woody,lemon|bergamot|lavender,rose|jasmine|geranium,sandalwood|vetiver|patchouli,citrus|fresh|woody,daily casual|office|travel,effortless|sophisticated|minimal,0.88,
adp-rosa-nobile-edp,Rosa Nobile EDP,Acqua di Parma,4550000,3,EDP,50,feminine,floral,,bergamot|lemon|grapefruit,rose|peony,sandalwood|musk|amber,floral|fresh|musky,daily casual|office|special occasion,elegant|effortless|soft,0.84,
sl-feminite-du-bois,Féminité du Bois,Serge Lutens,4550000,3,EDP,50,unisex,woody,floral,plum|peach|cardamom,cedarwood|rose|violet,honey|sandalwood|musk|benzoin,woody|floral|sweet,special occasion|evening,elegant|mysterious|nostalgic,0.84,
sl-la-fille-de-berlin,La Fille de Berlin,Serge Lutens,4550000,3,EDP,50,unisex,floral,,pink pepper|bergamot,rose|geranium,musk,floral|spicy|musky,special occasion|evening,bold|edgy|mysterious,0.83,
jhag-not-a-perfume,Not A Perfume,Juliette Has A Gun,3770000,3,EDP,50,unisex,musky,,ambroxan,ambroxan,ambroxan,musky|clean|fresh,daily casual|office,minimal|effortless|modern,0.89,
initio-atomic-rose,Atomic Rose,Initio Parfums,4030000,3,EDP,50,unisex,floral,musky,pink pepper|citrus,rose|turkish rose,musk|ambroxan|sandalwood,floral|musky|spicy,special occasion|evening,bold|sensual|modern,0.86,
initio-rehab,Rehab,Initio Parfums,4030000,3,EDP,50,unisex,musky,aromatic,bergamot|lemon|cypress,violet|heliotrope|musk,ambroxan|sandalwood|cedarwood,musky|clean|woody,daily casual|office,minimal|effortless|cool,0.84,
creed-aventus,Aventus,Creed,11310000,4,EDP,50,masculine,fruity,woody,pineapple|bergamot|blackcurrant,birch|jasmine|rose,musk|oakmoss|ambergris|vanilla,woody|fresh|musky,office|special occasion|daily casual,confident|bold|sophisticated,0.97,
creed-aventus-for-her,Aventus For Her,Creed,9490000,4,EDP,50,feminine,floral,fruity,pineapple|bergamot|green notes,peach|rose|jasmine,musk|sandalwood|vanilla,floral|fresh|musky,office|daily casual|special occasion,confident|elegant|modern,0.87,
creed-green-irish-tweed,Green Irish Tweed,Creed,9490000,4,EDP,50,masculine,aromatic,green,lemon verbena|iris,violet leaves|sandalwood,ambergris|white musk,fresh|green|woody,daily casual|outdoor / sporty,effortless|free-spirited|sophisticated,0.91,
creed-silver-mountain-water,Silver Mountain Water,Creed,9490000,4,EDP,50,masculine,citrus,aquatic,bergamot|mandarin|green tea,neroli|peach,musk|sandalwood,fresh|aquatic|citrus,daily casual|office|outdoor / sporty,cool|effortless|minimal,0.89,
creed-love-in-white,Love in White,Creed,9490000,4,EDP,50,feminine,floral,musky,bergamot|magnolia|rice,daffodil|freesia|iris,sandalwood|musk|amber,floral|musky|powdery,special occasion|daily casual,elegant|soft|romantic,0.85,
creed-original-vetiver,Original Vetiver,Creed,9490000,4,EDP,50,masculine,woody,citrus,grapefruit|pink pepper|bergamot,geranium|iris|rose,vetiver|musk|sandalwood,woody|citrus|fresh,daily casual|office,grounded|effortless|sophisticated,0.87,
tf-tobacco-vanille,Tobacco Vanille,Tom Ford,6370000,4,EDP,50,unisex,woody,gourmand,tobacco leaf|spices,tobacco blossom|jasmine|ginger,vanilla|tonka bean|cacao|dried fruit,tobacco|sweet|woody,evening|special occasion,enigmatic|warm|sensual,0.93,
tf-oud-wood,Oud Wood,Tom Ford,6370000,4,EDP,50,unisex,woody,,rosewood|cardamom|sichuan pepper,oud|sandalwood|vetiver,tonka bean|amber|vanilla,oud|woody|spicy,evening|special occasion,mysterious|sophisticated|bold,0.92,
tf-rose-prick,Rose Prick,Tom Ford,6370000,4,EDP,50,unisex,floral,,pink pepper|bergamot,damascus rose|centifolia rose,oud|patchouli|amber,floral|spicy|resin,special occasion|evening,bold|sensual|edgy,0.88,
tf-lost-cherry,Lost Cherry,Tom Ford,6370000,4,EDP,50,unisex,gourmand,woody,cherry|bitter almond,turkish rose|jasmine sambac,sandalwood|vetiver|vanilla,sweet|gourmand|floral,evening|special occasion,playful|sensual|enigmatic,0.87,
tf-ombre-leather,Ombré Leather,Tom Ford,6370000,4,EDP,50,unisex,woody,leather,cardamom|black pepper,leather|floral notes,amber|patchouli|musk,leather|woody|spicy,evening|special occasion,bold|mysterious|edgy,0.91,
tf-noir-edp,Noir EDP,Tom Ford,5460000,4,EDP,50,masculine,aromatic,woody,pink pepper|cardamom|bergamot,turkish rose|iris|jasmine,amber|oud|vetiver,woody|spicy|floral,evening|special occasion,mysterious|sophisticated|bold,0.89,
tf-black-orchid-edp,Black Orchid EDP,Tom Ford,5460000,4,EDP,50,unisex,floral,woody,black truffle|ylang-ylang,black orchid|fruity notes,patchouli|sandalwood|dark chocolate|incense,floral|woody|resin,evening|special occasion,mysterious|sensual|enigmatic,0.91,
tf-costa-azzurra,Costa Azzurra,Tom Ford,6370000,4,EDP,50,unisex,woody,aquatic,marine notes|lemon|citrus,cypress|driftwood,sandalwood|musk|amber,aquatic|woody|fresh,daily casual|travel,effortless|free-spirited|cool,0.86,
tf-noir-de-noir,Noir de Noir,Tom Ford,6370000,4,EDP,50,unisex,floral,woody,saffron|black truffle|bergamot,black rose|turkish rose|black orchid,patchouli|amber|oud|vanilla,floral|oud|resin,evening|special occasion,mysterious|sensual|enigmatic,0.9,
tf-velvet-orchid-edp,Velvet Orchid EDP,Tom Ford,5460000,4,EDP,50,feminine,floral,gourmand,bergamot|rum,black orchid|jasmine|rose,amber|labdanum|sandalwood,floral|sweet|musky,evening|special occasion,sensual|glamorous|enigmatic,0.87,
byredo-accord-oud,Accord Oud,Byredo,7540000,4,EDP,50,unisex,woody,,bergamot|pink pepper,oud|saffron,amber|sandalwood|incense,oud|woody|spicy,evening|special occasion,bold|mysterious|sophisticated,0.85,
byredo-eleventh-hour,Eleventh Hour,Byredo,7540000,4,EDP,50,unisex,woody,resin,carrot seed|pink pepper,myrrh|cedarwood|oud,sandalwood|amber|musk,woody|resin|spicy,evening|special occasion,mysterious|edgy|enigmatic,0.83,
byredo-sellier,Sellier,Byredo,7540000,4,EDP,50,masculine,woody,leather,bergamot|iris,cedarwood|suede,leather|vetiver|musk,leather|woody|musky,office|special occasion,sophisticated|grounded|cool,0.83,
byredo-inflorescence,Inflorescence,Byredo,7540000,4,EDP,50,feminine,floral,,pear|pink pepper,jasmine|lily|mimosa,sandalwood|musk,floral|fresh|sweet,special occasion|daily casual,effortless|romantic|soft,0.84,
diptyque-tam-dao-parfum,Tam Dao Parfum,Diptyque,6500000,4,Parfum,50,unisex,woody,,rosewood|cypress,sandalwood|cedarwood,musk|white pepper|amber,woody|musky|spicy,special occasion|evening|office,minimal|grounded|sophisticated,0.87,
diptyque-do-son-parfum,Do Son Parfum,Diptyque,6500000,4,Parfum,50,feminine,floral,,tuberose,rose|jasmine|lily,musk|sandalwood,floral|musky|powdery,special occasion|evening,romantic|glamorous|nostalgic,0.86,
lelabo-oud-27,Oud 27,Le Labo,7540000,4,EDP,50,unisex,woody,,black pepper|thyme,oud|labdanum,amber|musk,oud|woody|spicy,evening|special occasion,mysterious|bold|enigmatic,0.85,
lelabo-cedrat-37,Cédrat 37,Le Labo,7540000,4,EDP,50,masculine,citrus,,cedrat|lemon|bergamot,orange blossom|tea,vetiver|musk,citrus|fresh|clean,daily casual|office|outdoor / sporty,effortless|minimal|cool,0.84,
lelabo-rose-31-100ml,Rose 31 (100ml),Le Labo,9750000,4,EDP,100,unisex,floral,woody,cumin|cedarwood,rose|geranium,musk|oud|amber,floral|woody|musky,special occasion|evening,bold|sophisticated|mysterious,0.86,lelabo-rose-31
lelabo-the-noir-100ml,Thé Noir 29 (100ml),Le Labo,9750000,4,EDP,100,unisex,woody,aromatic,smoked tea|fig|laurel,cedarwood|vetiver,sandalwood|amber,woody|smoky|green,office|daily casual,intellectual|cool|sophisticated,0.85,lelabo-the-noir-29
mmr-matcha-meditation-edt,Replica Matcha Meditation EDT,Maison Margiela,4550000,3,EDT,50,unisex,aromatic,green,bergamot|green tea accord,matcha accord|jasmine,moss accord|cedarwood,green|fresh|woody,daily casual|home-body|office,introspective|minimal|cozy,0.85,
mmr-lazy-sunday-morning,Replica Lazy Sunday Morning EDT,Maison Margiela,4550000,3,EDT,50,unisex,floral,musky,aldehydes|pear|lily of the valley,iris|rose,white musk|ambrette|patchouli,floral|musky|clean,daily casual|home-body|office,soft|effortless|cozy,0.9,
mmr-autumn-vibes,Replica Autumn Vibes EDT,Maison Margiela,4550000,3,EDT,50,unisex,woody,spicy,cardamom|pink pepper,nutmeg|carrot seeds|maple,cedarwood|moss,woody|spicy|musky,daily casual|home-body|evening,warm|introspective|grounded,0.86,
mmr-by-the-fireplace-100ml,Replica By the Fireplace (100ml),Maison Margiela,6500000,4,EDT,100,unisex,woody,gourmand,clove|pink pepper|orange,chestnut|guaiac wood,vanilla|musk|peru balsam,smoky|woody|sweet,evening|home-body,cozy|warm|introspective,0.89,mmr-by-the-fireplace
fm-portrait-of-a-lady,Portrait of a Lady,Frédéric Malle,7670000,4,EDP,50,feminine,floral,woody,raspberry|rose,turkish rose|blackcurrant|patchouli,sandalwood|musk|incense,floral|woody|spicy,evening|special occasion,glamorous|elegant|mysterious,0.93,
fm-carnal-flower,Carnal Flower,Frédéric Malle,7670000,4,EDP,50,feminine,floral,,melon|eucalyptus,tuberose|ylang-ylang|jasmine,white musk|sandalwood|coconut,floral|musky|fresh,special occasion|evening,sensual|glamorous|bold,0.89,
fm-musc-ravageur,Musc Ravageur,Frédéric Malle,7670000,4,EDP,50,unisex,musky,woody,bergamot|lavender|tangerine,cinnamon|clove|musk,vanilla|musk|sandalwood,musky|sweet|spicy,evening|special occasion,sensual|enigmatic|warm,0.88,
fm-une-fleur-de-cassie,Une Fleur de Cassie,Frédéric Malle,7670000,4,EDP,50,feminine,floral,,aldehydes|mimosa,cassie|ylang-ylang|orris,civet|musk|sandalwood,floral|powdery|musky,special occasion|evening,elegant|enigmatic|sophisticated,0.84,
fm-the-night,The Night,Frédéric Malle,7670000,4,EDP,50,masculine,aromatic,woody,aldehydes|labdanum,oud|sandalwood,leather|musk|amber,woody|leather|musky,evening|special occasion,mysterious|enigmatic|bold,0.85,
fm-cologne-indelebile,Cologne Indélébile,Frédéric Malle,7670000,4,EDP,50,unisex,floral,musky,orange blossom|aldehydes,white musk|jasmine,musk|ambergris,floral|musky|clean,daily casual|office,effortless|elegant|minimal,0.83,
kilian-love-dont-be-shy,"Love, Don't Be Shy",Kilian,6890000,4,EDP,50,unisex,gourmand,floral,bergamot|neroli,jasmine|rose|orange blossom,vanilla|musk|marshmallow,sweet|floral|musky,daily casual|special occasion,playful|romantic|warm,0.91,
kilian-good-girl-gone-bad,Good Girl Gone Bad,Kilian,6890000,4,EDP,50,feminine,floral,,neroli|magnolia,rose|jasmine|tuberose|freesia,musk,floral|musky|powdery,special occasion|evening,romantic|glamorous|bold,0.87,
kilian-angels-share,Angel's Share,Kilian,6890000,4,EDP,50,unisex,woody,gourmand,cognac|cinnamon|nutmeg,praline|tonka bean,oak|sandalwood|vanilla,woody|sweet|spicy,evening|special occasion,warm|sophisticated|enigmatic,0.9,
kilian-apple-brandy,Apple Brandy on the Rocks,Kilian,6890000,4,EDP,50,unisex,gourmand,woody,apple|aldehydes,cinnamon|jasmine,amber|vanilla|woods,gourmand|sweet|woody,evening|special occasion,warm|enigmatic|sensual,0.84,
kilian-black-phantom,Black Phantom,Kilian,6890000,4,EDP,50,unisex,gourmand,woody,rum|blood orange,coffee|davana,dark chocolate|sandalwood|vanilla,gourmand|woody|sweet,evening|special occasion,enigmatic|bold|mysterious,0.88,
kilian-dark-lord,Dark Lord,Kilian,6890000,4,EDP,50,masculine,woody,gourmand,tobacco|rum,dark chocolate|vanilla,tonka bean|leather|sandalwood,tobacco|sweet|woody,evening|special occasion,enigmatic|bold|sensual,0.86,
amouage-interlude-man,Interlude Man,Amouage,7280000,4,EDP,50,masculine,woody,resin,oregano|bergamot|pink pepper,labdanum|sandalwood|amber,oud|vetiver|incense,woody|resin|smoky,evening|special occasion,mysterious|enigmatic|grounded,0.88,
amouage-reflection-woman,Reflection Woman,Amouage,7280000,4,EDP,50,feminine,floral,woody,bergamot|ylang-ylang,jasmine|rose|lily,sandalwood|vetiver|musk,floral|woody|musky,special occasion|evening,elegant|romantic|sophisticated,0.86,
amouage-honour-man,Honour Man,Amouage,7280000,4,EDP,50,masculine,aromatic,woody,bergamot|cardamom|cumin,incense|pepper|iris,vetiver|leather|musk,woody|spicy|leather,special occasion|evening,sophisticated|bold|enigmatic,0.85,
amouage-beloved-woman,Beloved Woman,Amouage,7280000,4,EDP,50,feminine,floral,musky,bergamot|lemon|pink pepper,tuberose|jasmine|rose,amber|sandalwood|musk,floral|musky|spicy,special occasion|evening,sensual|glamorous|elegant,0.85,
amouage-fate-woman,Fate Woman,Amouage,7280000,4,EDP,50,feminine,floral,resin,bergamot|cardamom|elemi,rose|labdanum|orris,oud|sandalwood|amber,floral|resin|oud,special occasion|evening,mysterious|elegant|enigmatic,0.84,
roja-elysium,Elysium Pour Homme,Roja Parfums,8970000,4,EDP,50,masculine,citrus,woody,grapefruit|pink pepper|ginger,lavender|geranium,sandalwood|cedarwood|musk|amber,citrus|woody|fresh,office|daily casual|special occasion,sophisticated|confident|elegant,0.91,
roja-enigma-woman,Enigma Pour Femme,Roja Parfums,8970000,4,EDP,50,feminine,floral,resin,bergamot|grapefruit|aldehydes,rose|jasmine|iris,oud|sandalwood|amber|musk,floral|resin|musky,special occasion|evening,enigmatic|glamorous|mysterious,0.88,
roja-scandal-man,Scandal Pour Homme,Roja Parfums,7670000,4,EDP,50,masculine,woody,aromatic,bergamot|cardamom,geranium|rose|jasmine,sandalwood|ambergris|musk|leather,woody|leather|musky,evening|special occasion,bold|sensual|sophisticated,0.87,
roja-haute-luxe,Haute Luxe,Roja Parfums,15600000,4,EDP,50,unisex,floral,woody,bergamot|neroli,rose|jasmine|iris,sandalwood|amber|musk,floral|woody|musky,special occasion|evening,glamorous|elegant|sophisticated,0.86,
xerjoff-naxos,Naxos,Xerjoff,5720000,4,EDP,50,masculine,gourmand,woody,lemon|bergamot|lavender,tobacco|jasmine,tonka bean|vanilla|musk,tobacco|sweet|woody,evening|special occasion,warm|sophisticated|sensual,0.9,
xerjoff-erba-pura,Erba Pura,Xerjoff,5200000,4,EDP,50,unisex,citrus,musky,orange|lemon|fruity notes,jasmine|white flowers,sandalwood|amber|musk,citrus|musky|sweet,daily casual|special occasion,warm|playful|easy-going,0.87,
xerjoff-alexandria-ii,Alexandria II,Xerjoff,7800000,4,EDP,50,unisex,floral,woody,bergamot|mandarin,rose|jasmine|oud,sandalwood|amber|musk,floral|oud|woody,special occasion|evening,glamorous|bold|mysterious,0.88,
xerjoff-lira,Lira,Xerjoff,6760000,4,EDP,50,feminine,floral,woody,bergamot|lemon,rose|jasmine|ylang-ylang,sandalwood|amber|musk,floral|woody|musky,special occasion|evening,glamorous|elegant|romantic,0.86,
mfk-baccarat-rouge-540,Baccarat Rouge 540 EDP,Maison Francis Kurkdjian,9100000,4,EDP,50,unisex,floral,woody,jasmine|saffron,ambergris|fir resin,cedarwood|musk,floral|woody|resin,special occasion|evening|daily casual,glamorous|modern|sophisticated,0.97,
mfk-grand-soir,Grand Soir,Maison Francis Kurkdjian,7540000,4,EDP,50,unisex,woody,resin,benzoin|tonka bean,amber|ambrette,cedarwood|labdanum|musk,woody|sweet|resin,special occasion|evening,enigmatic|glamorous|warm,0.89,
mfk-aqua-universalis-forte,Aqua Universalis Forte EDP,Maison Francis Kurkdjian,6760000,4,EDP,50,unisex,floral,musky,bergamot|aldehydes,jasmine|rose,white musk|amber,floral|musky|clean,daily casual|office,minimal|effortless|sophisticated,0.87,
pdm-delina-edp,Delina EDP,Parfums de Marly,5980000,4,EDP,50,feminine,floral,musky,nutmeg|rhubarb|lychee,rose|peony|gardenia|cashmeran,musk|cedarwood|incense|vanilla,floral|musky|sweet,special occasion|evening|daily casual,romantic|glamorous|elegant,0.91,
pdm-herod-edp,Herod EDP,Parfums de Marly,5720000,4,EDP,50,masculine,woody,gourmand,cinnamon|pepper,tobacco|osmanthus|jasmine,vanilla|sandalwood|cedarwood,tobacco|woody|sweet,evening|special occasion,enigmatic|sophisticated|warm,0.88,
pdm-layton-edp,Layton EDP,Parfums de Marly,5980000,4,EDP,50,masculine,floral,gourmand,apple|bergamot|lavender,jasmine|violet|geranium,sandalwood|musk|vanilla,floral|sweet|woody,office|daily casual|special occasion,confident|elegant|modern,0.91,
pdm-pegasus-edp,Pegasus EDP,Parfums de Marly,5980000,4,EDP,50,masculine,aromatic,gourmand,bergamot|lavender|apple,heliotrope|jasmine|geranium,sandalwood|musk|vanilla,woody|sweet|musky,office|daily casual|special occasion,confident|warm|sophisticated,0.91,
clive-christian-1872-feminine,1872 Feminine,Clive Christian,7670000,4,EDP,50,feminine,floral,citrus,bergamot|violet|mandarin,rose|ylang-ylang|clove,sandalwood|vetiver|amber,floral|spicy|woody,special occasion|evening,elegant|vintage|glamorous,0.84,
clive-christian-1872-masculine,1872 Masculine,Clive Christian,7670000,4,EDP,50,masculine,citrus,woody,lemon|cardamom|juniper,jasmine|clary sage,sandalwood|musk|amber,citrus|woody|spicy,special occasion|office,confident|sophisticated|vintage,0.83,
penhaligons-halfeti-edp,Halfeti EDP,Penhaligon's,5980000,4,EDP,50,unisex,woody,floral,bergamot|grapefruit|cardamom,rose|jasmine|oud,sandalwood|amber|musk,woody|floral|oud,special occasion|evening,mysterious|sophisticated|bold,0.86,
initio-oud-for-greatness,Oud for Greatness,Initio Parfums,6240000,4,EDP,50,unisex,woody,,saffron|nutmeg,oud|iso e super,ambroxan|patchouli,oud|woody|spicy,special occasion|evening,bold|mysterious|confident,0.88,
initio-side-effect,Side Effect,Initio Parfums,6240000,4,EDP,50,unisex,woody,gourmand,rum|cardamom|nutmeg,tobacco|jasmine|orris,vanilla|musk|sandalwood,woody|sweet|tobacco,evening|special occasion,enigmatic|warm|sensual,0.87,
exnihilo-fleur-narcotique,Fleur Narcotique,Ex Nihilo,6240000,4,EDP,50,unisex,floral,musky,lemon|bergamot|peach,rose|peony|jasmine,musk|white amber|sandalwood,floral|musky|fresh,special occasion|daily casual,romantic|glamorous|effortless,0.87,
vilhelm-dear-polly,Dear Polly,Vilhelm Parfumerie,5590000,4,EDP,50,unisex,floral,green,violet|bergamot,white flowers|jasmine,cedarwood|musk,floral|green|musky,daily casual|office,effortless|free-spirited|soft,0.82,
cartier-la-panthere-edp,La Panthère EDP,Cartier,5070000,4,EDP,50,feminine,floral,musky,gardenia|bergamot,gardenia|jasmine|rose,musk|civet|vetiver,floral|musky|green,special occasion|evening,elegant|mysterious|sensual,0.84,
sl-ambre-sultan,Ambre Sultan,Serge Lutens,5720000,4,EDP,50,unisex,woody,resin,bay|coriander|oregano,mastic|amber,amber|sandalwood|musk|patchouli,resin|woody|spicy,evening|special occasion,mysterious|warm|enigmatic,0.84,
memo-irish-leather,Irish Leather,Memo Paris,6240000,4,EDP,50,unisex,woody,leather,bergamot|green notes,leather|vetiver,cedarwood|musk|amber,leather|woody|fresh,office|special occasion,sophisticated|cool|grounded,0.83,
mfk-br540-extrait,Baccarat Rouge 540 Extrait,Maison Francis Kurkdjian,14300000,4,Extrait,50,unisex,floral,woody,jasmine|saffron,ambergris|fir resin,cedarwood|musk,floral|woody|resin,special occasion|evening,glamorous|sophisticated|bold,0.95,
pdm-carlisle-edp,Carlisle EDP,Parfums de Marly,5980000,4,EDP,50,feminine,floral,woody,bergamot|pink pepper,rose|jasmine|magnolia,amber|vetiver|musk,floral|woody|musky,special occasion|evening,glamorous|romantic|elegant,0.87,
tf-soleil-blanc,Soleil Blanc,Tom Ford,6370000,4,EDP,50,unisex,musky,floral,aldehydes|bergamot|ylang-ylang,jasmine|orange blossom,white musk|sandalwood|amber,musky|floral|sweet,special occasion|daily casual|travel,effortless|glamorous|warm,0.87,
atelier-orange-sanguine,Orange Sanguine,Atelier Cologne,4810000,3,EDP,50,unisex,citrus,woody,blood orange|grapefruit|basil,geranium|jasmine,cedarwood|musk|amber,citrus|fresh|floral,daily casual|outdoor / sporty|travel,effortless|playful|easy-going,0.87,
sl-fleurs-doranger,Fleurs d'Oranger,Serge Lutens,5720000,4,EDP,50,feminine,floral,,orange blossom|neroli,jasmine|orange blossom|rose,musk|sandalwood,floral|musky|sweet,special occasion|daily casual,romantic|warm|effortless,0.83,
jhag-superdose,Not A Perfume Superdose,Juliette Has A Gun,5590000,4,EDP,50,unisex,musky,,ambroxan,ambroxan,ambroxan,musky|clean|fresh,daily casual|office|evening,minimal|effortless|sensual,0.87,
guerlain-shalimar-edp,Shalimar EDP,Guerlain,5460000,4,EDP,50,feminine,woody,gourmand,bergamot|citrus,jasmine|rose|iris,opopanax|tonka bean|vanilla|civet,woody|sweet|floral,special occasion|evening,glamorous|mysterious|vintage,0.91,
chloe-roses-de-chloe-edt,Roses de Chloé EDT,Chloé,5070000,4,EDT,50,feminine,floral,musky,bergamot|lychee|magnolia,rose|peony|cedarwood,white musk|amber,floral|musky|fresh,daily casual|special occasion,romantic|soft|effortless,0.87,
chloe-edp,Chloé EDP,Chloé,5460000,4,EDP,50,feminine,floral,musky,peony|sweet pea|lychee,rose|magnolia|lily of the valley,cedarwood|amber|cedarwood,floral|musky|powdery,daily casual|office|special occasion,romantic|soft|elegant,0.92,
loewe-aura-floral-edt,Aura Floral EDT,Loewe,5070000,4,EDT,50,feminine,floral,musky,violet|bergamot|jasmine,freesia|rose|magnolia,sandalwood|white musk,floral|musky|fresh,daily casual|office,effortless|soft|modern,0.82,
loewe-001-woman-edp,001 Woman EDP,Loewe,3380000,2,EDP,50,feminine,musky,floral,bergamot|pepper,iris|rose|jasmine,sandalwood|musk,musky|floral|clean,daily casual|office,minimal|soft|effortless,0.84,
loewe-001-man-edp,001 Man EDP,Loewe,3380000,2,EDP,50,masculine,musky,woody,lavender|bergamot,iris|cedarwood,sandalwood|musk,musky|woody|clean,daily casual|office,minimal|grounded|easy-going,0.83,
loewe-aire-anthesis-edp,Aire Anthesis EDP,Loewe,3380000,2,EDP,50,unisex,floral,aquatic,pear|rhubarb,peony|lily of the valley,sandalwood|rockrose accord|musk,floral|fresh|musky,daily casual|office,effortless|soft|easy-going,0.82,
loewe-aura-pink-magnolia-edp,Aura Pink Magnolia EDP,Loewe,3770000,3,EDP,50,feminine,floral,musky,red fruits|bergamot,pink magnolia|peony,sandalwood|vanilla|musk,floral|sweet|musky,daily casual|special occasion,romantic|playful|soft,0.84,
loewe-solo-vulcan-edp,Solo Vulcan EDP,Loewe,4160000,3,EDP,50,masculine,aromatic,woody,thyme|orange flower absolute,lavender|mastic,vetiver|woody balsamic accord,woody|spicy|fresh,office|daily casual|special occasion,grounded|sophisticated|cool,0.83,
loewe-esencia-elixir-edp,Esencia Elixir EDP,Loewe,4810000,3,EDP,50,masculine,aromatic,woody,bergamot|grapefruit|mint,sage|orange blossom|pink pepper,vetiver|mastic,fresh|woody|spicy,office|daily casual|special occasion,confident|effortless|sophisticated,0.85,
loewe-earth-elixir-edp,Earth Elixir EDP,Loewe,5200000,4,EDP,50,unisex,woody,floral,pear|black truffle,violet|mimosa,oud|sandalwood|musk,woody|floral|musky,special occasion|evening|office,mysterious|grounded|sophisticated,0.84,
nr-musc-noir-edp,Musc Noir For Her EDP,Narciso Rodriguez,3380000,2,EDP,50,feminine,musky,floral,plum,heliotrope|musk|cedarwood|rose,suede,musky|leather|floral,evening|special occasion,mysterious|sensual|sophisticated,0.87,
nr-pure-musc-edp,Pure Musc For Her EDP,Narciso Rodriguez,3380000,2,EDP,50,feminine,musky,floral,musk,jasmine|magnolia|white flowers,musk|sandalwood,musky|floral|clean,daily casual|office|special occasion,minimal|soft|effortless,0.88,
nr-bleu-noir-edp,Bleu Noir EDP,Narciso Rodriguez,2860000,2,EDP,50,masculine,woody,musky,cardamom|black pepper,iris|vetiver,musk|amber|sandalwood,woody|musky|spicy,office|evening,mysterious|cool|sophisticated,0.83,